hash	environment
0d091559bc1801de38f96410c86a9fde_	pytools
14bed684a89303115f79cf88642513a2_	reparation
1e607777c0d0c5616a031d85763fc5e1_	subread
36cf51732b98ea60d9a0b7593ed0e69b_	segemehl
3bcd7c24853525a7e734f47e7332949d_	wig
3ecca20d19f06eeeb72ffc04d10d1cbb_	deseq2
43b30da5ce08f3e3cf99cb13c6367f13_	cutadapt
5399c2d4e7ff1709a899e16ea90badf9_	metageneprofiling_superseded_5399c2d4e7ff1709a899e16ea90badf9
58ae5fce08be9251c3eb71525b9ed0a3_	plotly
5b4d927bb74a0bfad74ab2e26c8a2a2c_	fastqc
5d78150d6c2bcb941ea97861fbf2f2bc_	bedtools
7d1806eb8cf01f4bb08bc6d776e0a631_	mergetools
8a41e341253689db94c70ed2f71c4139_	gawk
b0887e12b6a3115a0800503ce8b0b0f4_	coverage
b33043a0ee221fe145e7e2ea5e217947_	biopython
bea3d2a99e54e9db38f29827e5fa7e57_	reparation_superseded_bea3d2a99e54e9db38f29827e5fa7e57
db9397abbde3d1ea1d4eb273df148f22_	metageneprofiling
e4e8d879a2e99e8eada81c1d01b59187_	samtools
eed34cb89ae3029a105cc752afd39ba5_	multiqc
fa51360e7b638753ab3668d175d3d552_	excel
